rev_prior_yr,elev_mean,slope_perc_mean,acres,dtwfa,dtwfa2,pod,wy_dc,i_pod_wy,intercept,Crop_Eq
.000059441987,-.039903868,.28137478,.019756723,.0023707929,.00035655333,-2.2919195,.030844869,.44002539,-.77893007,Vineyards
.000059441987,-.021494806,.045590378,-.0020998162,.1534923,-.0026059165,-.40491569,-.14253975,-.44565809,-1.7104583,Miscellaneous_grain_and_hay
.000059441987,-.14073458,-.0050604371,.010683038,.24429564,-.0038996518,-2.0741589,-.055642523,.6019485,-2.1305501,Corn__sorghum_or_Sudan
.000059441987,-.11652801,-.065975428,.0048136669,.17313199,-.002564905,-.27116048,-.051480249,-.03598525,-1.6459056,Alfalfa_and_alfalfa_mixtures
.000059441987,-.04164461,.093241677,-.034176953,.030165445,.00032374871,-.53550363,.28681827,.14684361,-.10173906,Unclassified_fallow
.000059441987,.016299317,.026544971,.0012638198,.015779572,-.00074386859,-1.4560697,.06387835,.01589581,-.57621717,Other
