K_delta,K_nw,K_se,UZF_s,WEL_s,RIV
1.476299344612102E-006, 2.978356940387420E-004,1.981140501336208E-004,1.000000000000000000, 1.000000000000000E+000, 2.000000000000000E+000
